0,338,OK
1,338,OK
2,339,OK
3,338,OK
4,338,OK
5,337,OK
6,337,OK
7,337,OK
8,338,OK
9,337,OK
10,337,OK
11,337,OK
12,337,OK
13,338,OK
14,337,OK
15,201,Failed
16,340,OK
17,338,OK
18,340,OK
19,340,OK
20,340,OK
21,340,OK
22,340,OK
23,340,OK
24,340,OK
25,340,OK
26,340,OK
27,340,OK
28,338,OK
29,340,OK
30,340,OK
31,339,OK
32,338,OK
33,340,OK
34,340,OK
35,340,OK
36,340,OK
37,340,OK
38,339,OK
39,340,OK
40,339,OK
41,340,OK
42,340,OK
43,338,OK
44,337,OK
45,340,OK
46,340,OK
47,340,OK
48,340,OK
49,340,OK
50,339,OK
51,340,OK
52,338,OK
53,338,OK
54,339,OK
55,338,OK
56,337,OK
57,340,OK
58,340,OK
59,340,OK
60,340,OK
61,340,OK
62,340,OK
63,338,OK
64,339,OK
65,339,OK
66,338,OK
67,340,OK
68,339,OK
69,337,OK
70,340,OK
71,340,OK
72,340,OK
73,340,OK
74,340,OK
75,340,OK
76,339,OK
77,340,OK
78,338,OK
79,339,OK
80,338,OK
81,340,OK
82,338,OK
83,338,OK
84,337,OK
85,340,OK
86,340,OK
87,340,OK
88,338,OK
89,340,OK
90,338,OK
91,339,OK
92,337,OK
93,340,OK
94,338,OK
95,338,OK
96,339,OK
97,337,OK
98,337,OK
99,340,OK
100,340,OK
101,340,OK
102,339,OK
103,340,OK
104,340,OK
105,339,OK
106,340,OK
107,338,OK
108,338,OK
109,340,OK
110,338,OK
111,338,OK
112,337,OK
113,340,OK
114,339,OK
115,340,OK
116,340,OK
117,340,OK
118,340,OK
119,337,OK
120,338,OK
121,338,OK
122,337,OK
123,339,OK
124,338,OK
125,339,OK
126,337,OK
127,340,OK
128,340,OK
129,340,OK
130,340,OK
131,340,OK
132,340,OK
133,340,OK
134,339,OK
135,340,OK
136,338,OK
137,338,OK
138,337,OK
139,338,OK
140,339,OK
141,337,OK
142,340,OK
143,340,OK
144,340,OK
145,338,OK
146,340,OK
147,339,OK
148,337,OK
149,340,OK
150,338,OK
151,338,OK
152,337,OK
153,338,OK
154,337,OK
155,340,OK
156,340,OK
157,340,OK
158,340,OK
159,340,OK
160,340,OK
161,338,OK
162,340,OK
163,340,OK
164,337,OK
165,340,OK
166,338,OK
167,337,OK
168,340,OK
169,340,OK
170,340,OK
171,340,OK
172,339,OK
173,339,OK
174,337,OK
175,338,OK
176,338,OK
177,337,OK
178,340,OK
179,338,OK
180,337,OK
181,340,OK
182,340,OK
183,339,OK
184,340,OK
185,340,OK
186,340,OK
187,338,OK
188,339,OK
189,338,OK
190,338,OK
191,340,OK
192,338,OK
193,338,OK
194,337,OK
195,338,OK
196,339,OK
197,338,OK
198,340,OK
199,338,OK
200,337,OK
201,340,OK
202,337,OK
203,337,OK
204,339,OK
205,337,OK
206,337,OK
207,340,OK
208,340,OK
209,340,OK
210,340,OK
211,340,OK
212,340,OK
213,338,OK
214,340,OK
215,338,OK
216,339,OK
217,338,OK
218,339,OK
219,337,OK
220,340,OK
221,340,OK
222,339,OK
223,340,OK
224,340,OK
225,339,OK
226,337,OK
227,340,OK
228,339,OK
229,340,OK
230,338,OK
231,340,OK
232,340,OK
233,339,OK
234,337,OK
235,340,OK
236,340,OK
237,340,OK
238,340,OK
239,340,OK
240,340,OK
241,340,OK
242,340,OK
243,340,OK
244,339,OK
245,338,OK
246,339,OK
247,340,OK
248,339,OK
249,340,OK
250,338,OK
251,340,OK
252,340,OK
253,340,OK
254,340,OK
255,340,OK
256,338,OK
257,340,OK
258,338,OK
259,338,OK
260,338,OK
261,337,OK
262,337,OK
263,337,OK
264,337,OK
265,337,OK
266,337,OK
267,340,OK
268,338,OK
269,338,OK
270,337,OK
271,338,OK
272,337,OK
273,337,OK
274,338,OK
275,337,OK
276,337,OK
277,337,OK
278,201,Failed
279,338,OK
280,340,OK
281,338,OK
282,340,OK
283,340,OK
284,340,OK
285,340,OK
286,340,OK
287,340,OK
288,340,OK
289,339,OK
290,340,OK
291,340,OK
292,340,OK
293,339,OK
294,340,OK
295,339,OK
296,338,OK
297,340,OK
298,340,OK
299,340,OK
300,340,OK
301,340,OK
302,340,OK
303,340,OK
304,339,OK
305,340,OK
306,339,OK
307,340,OK
308,338,OK
309,338,OK
310,338,OK
311,337,OK
312,340,OK
313,340,OK
314,340,OK
315,340,OK
316,339,OK
317,340,OK
318,338,OK
319,340,OK
320,338,OK
321,338,OK
322,338,OK
323,337,OK
324,340,OK
325,340,OK
326,340,OK
327,340,OK
328,340,OK
329,340,OK
330,338,OK
331,340,OK
332,339,OK
333,340,OK
334,338,OK
335,340,OK
336,339,OK
337,337,OK
338,340,OK
339,340,OK
340,340,OK
341,340,OK
342,340,OK
343,340,OK
344,340,OK
345,340,OK
346,338,OK
347,339,OK
348,338,OK
349,340,OK
350,338,OK
351,337,OK
352,340,OK
353,340,OK
354,338,OK
355,340,OK
356,339,OK
357,339,OK
358,340,OK
359,338,OK
360,339,OK
361,339,OK
362,337,OK
363,340,OK
364,340,OK
365,340,OK
366,340,OK
367,339,OK
368,339,OK
369,338,OK
370,340,OK
371,338,OK
372,339,OK
373,337,OK
374,339,OK
375,340,OK
376,339,OK
377,340,OK
378,340,OK
379,340,OK
380,340,OK
381,338,OK
382,338,OK
383,338,OK
384,339,OK
385,338,OK
386,339,OK
387,337,OK
388,340,OK
389,340,OK
390,340,OK
391,340,OK
392,340,OK
393,340,OK
394,340,OK
395,339,OK
396,340,OK
397,338,OK
398,337,OK
399,339,OK
400,338,OK
401,339,OK
402,337,OK
403,340,OK
404,340,OK
405,340,OK
406,338,OK
407,340,OK
408,339,OK
409,339,OK
410,338,OK
411,340,OK
412,338,OK
413,338,OK
414,337,OK
415,338,OK
416,337,OK
417,337,OK
418,337,OK
419,340,OK
420,340,OK
421,340,OK
422,340,OK
423,340,OK
424,340,OK
425,340,OK
426,338,OK
427,340,OK
428,339,OK
429,340,OK
430,337,OK
431,340,OK
432,338,OK
433,338,OK
434,337,OK
435,340,OK
436,340,OK
437,340,OK
438,338,OK
439,340,OK
440,339,OK
441,339,OK
442,338,OK
443,340,OK
444,338,OK
445,338,OK
446,337,OK
447,339,OK
448,338,OK
449,338,OK
450,337,OK
451,340,OK
452,340,OK
453,340,OK
454,339,OK
455,340,OK
456,340,OK
457,340,OK
458,338,OK
459,340,OK
460,338,OK
461,338,OK
462,337,OK
463,339,OK
464,338,OK
465,338,OK
466,337,OK
467,340,OK
468,338,OK
469,339,OK
470,338,OK
471,340,OK
472,339,OK
473,338,OK
474,337,OK
475,340,OK
476,337,OK
477,338,OK
478,337,OK
479,339,OK
480,337,OK
481,337,OK
482,337,OK
483,340,OK
484,340,OK
485,340,OK
486,340,OK
487,340,OK
488,340,OK
489,338,OK
490,340,OK
491,338,OK
492,338,OK
493,337,OK
494,338,OK
495,337,OK
496,337,OK
497,340,OK
498,340,OK
499,340,OK
500,339,OK
501,340,OK
502,339,OK
503,337,OK
504,340,OK
505,339,OK
506,340,OK
507,338,OK
508,340,OK
509,339,OK
510,337,OK
511,340,OK
512,338,OK
513,338,OK
514,338,OK
515,338,OK
516,337,OK
517,337,OK
518,337,OK
519,338,OK
520,337,OK
521,337,OK
522,337,OK
523,340,OK
524,338,OK
525,337,OK
526,337,OK
527,337,OK
528,337,OK
529,337,OK
530,337,OK
531,201,Failed
532,338,OK
533,340,OK
534,337,OK
535,340,OK
536,340,OK
537,340,OK
538,340,OK
539,340,OK
540,340,OK
541,339,OK
542,340,OK
543,340,OK
544,339,OK
545,338,OK
546,340,OK
547,340,OK
548,339,OK
549,338,OK
550,340,OK
551,340,OK
552,340,OK
553,340,OK
554,340,OK
555,340,OK
556,339,OK
557,340,OK
558,339,OK
559,338,OK
560,338,OK
561,338,OK
562,338,OK
563,340,OK
564,340,OK
565,340,OK
566,340,OK
567,340,OK
568,340,OK
569,340,OK
570,339,OK
571,339,OK
572,338,OK
573,337,OK
574,340,OK
575,340,OK
576,340,OK
577,340,OK
578,340,OK
579,338,OK
580,339,OK
581,338,OK
582,340,OK
583,339,OK
584,337,OK
585,340,OK
586,340,OK
587,340,OK
588,340,OK
589,340,OK
590,340,OK
591,340,OK
592,338,OK
593,339,OK
594,338,OK
595,338,OK
596,339,OK
597,340,OK
598,340,OK
599,340,OK
600,338,OK
601,340,OK
602,338,OK
603,337,OK
604,340,OK
605,339,OK
606,338,OK
607,339,OK
608,337,OK
609,337,OK
610,340,OK
611,340,OK
612,340,OK
613,340,OK
614,340,OK
615,340,OK
616,339,OK
617,340,OK
618,339,OK
619,338,OK
620,338,OK
621,340,OK
622,338,OK
623,338,OK
624,337,OK
625,340,OK
626,339,OK
627,340,OK
628,339,OK
629,340,OK
630,340,OK
631,340,OK
632,337,OK
633,340,OK
634,338,OK
635,339,OK
636,337,OK
637,339,OK
638,338,OK
639,337,OK
640,340,OK
641,340,OK
642,340,OK
643,340,OK
644,340,OK
645,340,OK
646,339,OK
647,338,OK
648,337,OK
649,339,OK
650,338,OK
651,339,OK
652,337,OK
653,340,OK
654,340,OK
655,338,OK
656,339,OK
657,338,OK
658,337,OK
659,337,OK
660,338,OK
661,337,OK
662,337,OK
663,340,OK
664,340,OK
665,340,OK
666,340,OK
667,340,OK
668,340,OK
669,340,OK
670,337,OK
671,340,OK
672,338,OK
673,340,OK
674,340,OK
675,339,OK
676,340,OK
677,339,OK
678,337,OK
679,338,OK
680,338,OK
681,339,OK
682,338,OK
683,338,OK
684,337,OK
685,340,OK
686,340,OK
687,339,OK
688,340,OK
689,340,OK
690,338,OK
691,339,OK
692,338,OK
693,337,OK
694,339,OK
695,338,OK
696,338,OK
697,337,OK
698,340,OK
699,338,OK
700,339,OK
701,338,OK
702,340,OK
703,339,OK
704,338,OK
705,337,OK
706,339,OK
707,338,OK
708,337,OK
709,339,OK
710,337,OK
711,337,OK
712,337,OK
713,340,OK
714,340,OK
715,340,OK
716,340,OK
717,340,OK
718,340,OK
719,340,OK
720,340,OK
721,338,OK
722,338,OK
723,337,OK
724,338,OK
725,337,OK
726,339,OK
727,337,OK
728,340,OK
729,340,OK
730,340,OK
731,339,OK
732,340,OK
733,340,OK
734,339,OK
735,337,OK
736,340,OK
737,339,OK
738,340,OK
739,338,OK
740,340,OK
741,340,OK
742,339,OK
743,337,OK
744,340,OK
745,340,OK
746,340,OK
747,340,OK
748,340,OK
749,340,OK
750,340,OK
751,340,OK
752,340,OK
753,339,OK
754,338,OK
755,339,OK
756,340,OK
757,339,OK
758,340,OK
759,338,OK
760,340,OK
761,340,OK
762,340,OK
763,339,OK
764,340,OK
765,340,OK
766,340,OK
767,339,OK
768,338,OK
769,340,OK
770,339,OK
771,338,OK
772,338,OK
773,338,OK
774,337,OK
775,337,OK
776,337,OK
777,337,OK
778,337,OK
779,337,OK
780,337,OK
781,340,OK
782,338,OK
783,337,OK
784,338,OK
785,337,OK
786,337,OK
787,337,OK
788,338,OK
789,337,OK
790,337,OK
791,201,Failed
792,338,OK
793,340,OK
794,338,OK
795,340,OK
796,340,OK
797,340,OK
798,340,OK
799,340,OK
800,340,OK
801,338,OK
802,340,OK
803,340,OK
804,339,OK
805,338,OK
806,340,OK
807,340,OK
808,339,OK
809,338,OK
810,340,OK
811,340,OK
812,340,OK
813,340,OK
814,340,OK
815,340,OK
816,338,OK
817,340,OK
818,339,OK
819,340,OK
820,338,OK
821,340,OK
822,339,OK
823,338,OK
824,340,OK
825,340,OK
826,340,OK
827,340,OK
828,340,OK
829,340,OK
830,339,OK
831,338,OK
832,340,OK
833,338,OK
834,338,OK
835,338,OK
836,337,OK
837,340,OK
838,340,OK
839,340,OK
840,340,OK
841,340,OK
842,340,OK
843,338,OK
844,340,OK
845,339,OK
846,339,OK
847,338,OK
848,339,OK
849,339,OK
850,337,OK
851,340,OK
852,340,OK
853,340,OK
854,340,OK
855,340,OK
856,340,OK
857,340,OK
858,339,OK
859,340,OK
860,338,OK
861,339,OK
862,338,OK
863,340,OK
864,338,OK
865,339,OK
866,337,OK
867,340,OK
868,340,OK
869,340,OK
870,339,OK
871,340,OK
872,339,OK
873,339,OK
874,337,OK
875,340,OK
876,339,OK
877,338,OK
878,339,OK
879,246,OK
880,337,OK
881,337,OK
882,340,OK
883,340,OK
884,340,OK
885,340,OK
886,340,OK
887,340,OK
888,340,OK
889,340,OK
890,340,OK
891,339,OK
892,338,OK
893,338,OK
894,340,OK
895,338,OK
896,337,OK
897,340,OK
898,339,OK
899,340,OK
900,340,OK
901,338,OK
902,337,OK
903,340,OK
904,340,OK
905,340,OK
906,340,OK
907,339,OK
908,340,OK
909,338,OK
910,337,OK
911,339,OK
912,338,OK
913,338,OK
914,340,OK
915,340,OK
916,340,OK
917,339,OK
918,339,OK
919,340,OK
920,338,OK
921,338,OK
922,337,OK
923,337,OK
924,340,OK
925,340,OK
926,340,OK
927,340,OK
928,340,OK
929,340,OK
930,340,OK
931,338,OK
932,340,OK
933,339,OK
934,340,OK
935,337,OK
936,340,OK
937,338,OK
938,338,OK
939,337,OK
940,340,OK
941,340,OK
942,340,OK
943,338,OK
944,340,OK
945,339,OK
946,338,OK
947,340,OK
948,338,OK
949,337,OK
950,339,OK
951,338,OK
952,337,OK
953,337,OK
954,340,OK
955,340,OK
956,340,OK
957,339,OK
958,340,OK
959,340,OK
960,340,OK
961,338,OK
962,339,OK
963,338,OK
964,338,OK
965,337,OK
966,340,OK
967,338,OK
968,337,OK
969,337,OK
970,340,OK
971,338,OK
972,339,OK
973,338,OK
974,339,OK
975,338,OK
976,337,OK
977,339,OK
978,337,OK
979,338,OK
980,337,OK
981,339,OK
982,337,OK
983,337,OK
984,337,OK
985,340,OK
986,340,OK
987,340,OK
988,340,OK
989,340,OK
990,340,OK
991,340,OK
992,338,OK
993,340,OK
994,338,OK
995,339,OK
996,337,OK
997,338,OK
998,337,OK
999,339,OK
1000,337,OK
1001,340,OK
1002,340,OK
1003,339,OK
1004,340,OK
1005,340,OK
1006,338,OK
1007,337,OK
1008,340,OK
1009,339,OK
1010,340,OK
1011,338,OK
1012,340,OK
1013,340,OK
1014,339,OK
1015,337,OK
1016,340,OK
1017,340,OK
1018,340,OK
1019,340,OK
1020,340,OK
1021,340,OK
1022,340,OK
1023,340,OK
