0,998,OK
1,997,OK
2,997,OK
3,998,OK
4,998,OK
5,997,OK
6,998,OK
7,998,OK
8,998,OK
9,997,OK
10,998,OK
11,998,OK
12,998,OK
13,997,OK
14,997,OK
15,997,OK
16,997,OK
17,997,OK
18,998,OK
19,998,OK
20,285,Failed
21,1000,OK
22,1000,OK
23,1000,OK
24,1000,OK
25,1000,OK
26,1000,OK
27,1000,OK
28,1000,OK
29,1000,OK
30,1000,OK
31,1000,OK
32,1000,OK
33,1000,OK
34,1000,OK
35,1000,OK
36,1000,OK
37,1000,OK
38,1000,OK
39,1000,OK
40,1000,OK
41,1000,OK
42,1000,OK
43,1000,OK
44,1000,OK
45,1000,OK
46,1000,OK
47,1000,OK
48,1000,OK
49,1000,OK
50,1000,OK
51,1000,OK
52,1000,OK
53,1000,OK
54,1000,OK
55,1000,OK
56,1000,OK
57,1000,OK
58,1000,OK
59,1000,OK
60,1000,OK
61,1000,OK
62,1000,OK
63,1000,OK
64,1000,OK
65,1000,OK
66,1000,OK
67,1000,OK
68,1000,OK
69,1000,OK
70,1000,OK
71,1000,OK
72,1000,OK
73,1000,OK
74,1000,OK
75,1000,OK
76,1000,OK
77,1000,OK
78,1000,OK
79,1000,OK
80,1000,OK
81,1000,OK
82,1000,OK
83,1000,OK
84,1000,OK
85,1000,OK
86,1000,OK
87,1000,OK
88,1000,OK
89,1000,OK
90,1000,OK
91,1000,OK
92,1000,OK
93,1000,OK
94,1000,OK
95,1000,OK
96,1000,OK
97,1000,OK
98,1000,OK
99,1000,OK
100,1000,OK
101,1000,OK
102,1000,OK
103,1000,OK
104,1000,OK
105,999,OK
106,1000,OK
107,1000,OK
108,1000,OK
109,1000,OK
110,1000,OK
111,1000,OK
112,1000,OK
113,1000,OK
114,1000,OK
115,1000,OK
116,1000,OK
117,1000,OK
118,1000,OK
119,1000,OK
120,1000,OK
121,1000,OK
122,1000,OK
123,1000,OK
124,1000,OK
125,1000,OK
126,1000,OK
127,1000,OK
128,1000,OK
129,1000,OK
130,1000,OK
131,1000,OK
132,1000,OK
133,1000,OK
134,1000,OK
135,1000,OK
136,1000,OK
137,1000,OK
138,1000,OK
139,1000,OK
140,1000,OK
141,998,OK
142,1000,OK
143,1000,OK
144,1000,OK
145,1000,OK
146,1000,OK
147,1000,OK
148,1000,OK
149,1000,OK
150,1000,OK
151,1000,OK
152,1000,OK
153,1000,OK
154,1000,OK
155,1000,OK
156,1000,OK
157,1000,OK
158,1000,OK
159,1000,OK
160,1000,OK
161,497,Failed
162,1000,OK
163,1000,OK
164,1000,OK
165,1000,OK
166,1000,OK
167,1000,OK
168,1000,OK
169,1000,OK
170,1000,OK
171,1000,OK
172,1000,OK
173,1000,OK
174,1000,OK
175,1000,OK
176,1000,OK
177,1000,OK
178,1000,OK
179,1000,OK
180,1000,OK
181,1000,OK
182,1000,OK
183,1000,OK
184,1000,OK
185,1000,OK
186,1000,OK
187,1000,OK
188,1000,OK
189,1000,OK
190,1000,OK
191,1000,OK
192,1000,OK
193,1000,OK
194,1000,OK
195,1000,OK
196,1000,OK
197,1000,OK
198,1000,OK
199,1000,OK
200,1000,OK
201,1000,OK
202,1000,OK
203,1000,OK
204,1000,OK
205,1000,OK
206,1000,OK
207,1000,OK
208,1000,OK
209,1000,OK
210,1000,OK
211,1000,OK
212,1000,OK
213,1000,OK
214,1000,OK
215,1000,OK
216,1000,OK
217,1000,OK
218,1000,OK
219,1000,OK
220,1000,OK
221,1000,OK
222,1000,OK
223,1000,OK
224,1000,OK
225,1000,OK
226,1000,OK
227,1000,OK
228,1000,OK
229,1000,OK
230,1000,OK
231,1000,OK
232,1000,OK
233,1000,OK
234,1000,OK
235,1000,OK
236,1000,OK
237,1000,OK
238,1000,OK
239,1000,OK
240,1000,OK
241,1000,OK
242,999,OK
243,1000,OK
244,1000,OK
245,1000,OK
246,1000,OK
247,1000,OK
248,1000,OK
249,1000,OK
250,1000,OK
251,1000,OK
252,1000,OK
253,1000,OK
254,1000,OK
255,1000,OK
256,998,OK
257,998,OK
258,998,OK
259,998,OK
260,998,OK
261,997,OK
262,998,OK
263,998,OK
264,998,OK
265,998,OK
266,998,OK
267,997,OK
268,998,OK
269,997,OK
270,997,OK
271,997,OK
272,997,OK
273,997,OK
274,998,OK
275,997,OK
276,285,Failed
277,1000,OK
278,1000,OK
279,1000,OK
280,1000,OK
281,1000,OK
282,1000,OK
283,1000,OK
284,1000,OK
285,1000,OK
286,1000,OK
287,1000,OK
288,1000,OK
289,1000,OK
290,1000,OK
291,1000,OK
292,1000,OK
293,1000,OK
294,1000,OK
295,1000,OK
296,1000,OK
297,1000,OK
298,1000,OK
299,1000,OK
300,1000,OK
301,1000,OK
302,1000,OK
303,1000,OK
304,1000,OK
305,1000,OK
306,1000,OK
307,1000,OK
308,1000,OK
309,1000,OK
310,1000,OK
311,1000,OK
312,1000,OK
313,1000,OK
314,1000,OK
315,1000,OK
316,1000,OK
317,1000,OK
318,1000,OK
319,1000,OK
320,1000,OK
321,1000,OK
322,1000,OK
323,1000,OK
324,1000,OK
325,1000,OK
326,1000,OK
327,1000,OK
328,1000,OK
329,1000,OK
330,1000,OK
331,1000,OK
332,1000,OK
333,1000,OK
334,1000,OK
335,1000,OK
336,1000,OK
337,1000,OK
338,1000,OK
339,1000,OK
340,1000,OK
341,1000,OK
342,1000,OK
343,1000,OK
344,1000,OK
345,1000,OK
346,1000,OK
347,1000,OK
348,1000,OK
349,1000,OK
350,1000,OK
351,1000,OK
352,1000,OK
353,1000,OK
354,1000,OK
355,1000,OK
356,1000,OK
357,1000,OK
358,1000,OK
359,1000,OK
360,1000,OK
361,1000,OK
362,1000,OK
363,1000,OK
364,1000,OK
365,1000,OK
366,1000,OK
367,1000,OK
368,1000,OK
369,1000,OK
370,1000,OK
371,1000,OK
372,1000,OK
373,1000,OK
374,1000,OK
375,1000,OK
376,1000,OK
377,1000,OK
378,1000,OK
379,1000,OK
380,1000,OK
381,1000,OK
382,1000,OK
383,1000,OK
384,1000,OK
385,1000,OK
386,1000,OK
387,1000,OK
388,1000,OK
389,1000,OK
390,1000,OK
391,1000,OK
392,1000,OK
393,1000,OK
394,1000,OK
395,1000,OK
396,1000,OK
397,999,OK
398,1000,OK
399,1000,OK
400,1000,OK
401,1000,OK
402,1000,OK
403,1000,OK
404,1000,OK
405,1000,OK
406,1000,OK
407,1000,OK
408,1000,OK
409,1000,OK
410,1000,OK
411,1000,OK
412,1000,OK
413,1000,OK
414,1000,OK
415,1000,OK
416,1000,OK
417,497,Failed
418,1000,OK
419,1000,OK
420,1000,OK
421,1000,OK
422,1000,OK
423,1000,OK
424,1000,OK
425,1000,OK
426,1000,OK
427,1000,OK
428,1000,OK
429,1000,OK
430,1000,OK
431,1000,OK
432,1000,OK
433,1000,OK
434,1000,OK
435,1000,OK
436,1000,OK
437,1000,OK
438,1000,OK
439,1000,OK
440,1000,OK
441,1000,OK
442,1000,OK
443,1000,OK
444,1000,OK
445,1000,OK
446,1000,OK
447,1000,OK
448,1000,OK
449,1000,OK
450,1000,OK
451,1000,OK
452,1000,OK
453,1000,OK
454,1000,OK
455,1000,OK
456,1000,OK
457,1000,OK
458,1000,OK
459,1000,OK
460,1000,OK
461,1000,OK
462,1000,OK
463,1000,OK
464,1000,OK
465,1000,OK
466,1000,OK
467,1000,OK
468,1000,OK
469,1000,OK
470,1000,OK
471,1000,OK
472,1000,OK
473,1000,OK
474,1000,OK
475,1000,OK
476,1000,OK
477,1000,OK
478,1000,OK
479,1000,OK
480,1000,OK
481,1000,OK
482,1000,OK
483,1000,OK
484,1000,OK
485,1000,OK
486,1000,OK
487,1000,OK
488,1000,OK
489,1000,OK
490,1000,OK
491,1000,OK
492,1000,OK
493,1000,OK
494,1000,OK
495,1000,OK
496,1000,OK
497,1000,OK
498,1000,OK
499,1000,OK
500,1000,OK
501,1000,OK
502,1000,OK
503,1000,OK
504,1000,OK
505,1000,OK
506,1000,OK
507,1000,OK
508,1000,OK
509,1000,OK
510,1000,OK
511,1000,OK
512,998,OK
513,998,OK
514,998,OK
515,997,OK
516,998,OK
517,997,OK
518,997,OK
519,998,OK
520,997,OK
521,998,OK
522,998,OK
523,998,OK
524,998,OK
525,997,OK
526,997,OK
527,997,OK
528,997,OK
529,997,OK
530,998,OK
531,998,OK
532,285,Failed
533,1000,OK
534,1000,OK
535,1000,OK
536,1000,OK
537,1000,OK
538,1000,OK
539,1000,OK
540,1000,OK
541,1000,OK
542,1000,OK
543,1000,OK
544,1000,OK
545,1000,OK
546,1000,OK
547,1000,OK
548,1000,OK
549,1000,OK
550,1000,OK
551,1000,OK
552,1000,OK
553,1000,OK
554,1000,OK
555,1000,OK
556,1000,OK
557,1000,OK
558,1000,OK
559,1000,OK
560,1000,OK
561,1000,OK
562,1000,OK
563,1000,OK
564,1000,OK
565,1000,OK
566,1000,OK
567,1000,OK
568,1000,OK
569,1000,OK
570,1000,OK
571,1000,OK
572,1000,OK
573,1000,OK
574,1000,OK
575,1000,OK
576,1000,OK
577,1000,OK
578,1000,OK
579,1000,OK
580,1000,OK
581,1000,OK
582,1000,OK
583,1000,OK
584,1000,OK
585,1000,OK
586,1000,OK
587,1000,OK
588,1000,OK
589,1000,OK
590,1000,OK
591,1000,OK
592,1000,OK
593,1000,OK
594,1000,OK
595,1000,OK
596,1000,OK
597,1000,OK
598,1000,OK
599,1000,OK
600,1000,OK
601,1000,OK
602,1000,OK
603,1000,OK
604,1000,OK
605,1000,OK
606,1000,OK
607,1000,OK
608,1000,OK
609,1000,OK
610,1000,OK
611,1000,OK
612,1000,OK
613,1000,OK
614,1000,OK
615,1000,OK
616,1000,OK
617,1000,OK
618,1000,OK
619,1000,OK
620,1000,OK
621,1000,OK
622,1000,OK
623,1000,OK
624,1000,OK
625,1000,OK
626,1000,OK
627,1000,OK
628,1000,OK
629,1000,OK
630,1000,OK
631,1000,OK
632,1000,OK
633,1000,OK
634,1000,OK
635,1000,OK
636,1000,OK
637,1000,OK
638,1000,OK
639,1000,OK
640,1000,OK
641,1000,OK
642,1000,OK
643,1000,OK
644,1000,OK
645,1000,OK
646,1000,OK
647,1000,OK
648,1000,OK
649,1000,OK
650,1000,OK
651,1000,OK
652,1000,OK
653,998,OK
654,1000,OK
655,1000,OK
656,1000,OK
657,1000,OK
658,1000,OK
659,1000,OK
660,1000,OK
661,1000,OK
662,1000,OK
663,1000,OK
664,1000,OK
665,1000,OK
666,1000,OK
667,1000,OK
668,1000,OK
669,1000,OK
670,1000,OK
671,1000,OK
672,1000,OK
673,497,Failed
674,1000,OK
675,1000,OK
676,1000,OK
677,1000,OK
678,1000,OK
679,1000,OK
680,1000,OK
681,1000,OK
682,1000,OK
683,1000,OK
684,1000,OK
685,1000,OK
686,1000,OK
687,1000,OK
688,1000,OK
689,1000,OK
690,1000,OK
691,1000,OK
692,1000,OK
693,1000,OK
694,1000,OK
695,1000,OK
696,1000,OK
697,1000,OK
698,1000,OK
699,1000,OK
700,1000,OK
701,1000,OK
702,1000,OK
703,1000,OK
704,1000,OK
705,1000,OK
706,1000,OK
707,1000,OK
708,1000,OK
709,1000,OK
710,1000,OK
711,1000,OK
712,1000,OK
713,1000,OK
714,1000,OK
715,1000,OK
716,1000,OK
717,1000,OK
718,1000,OK
719,1000,OK
720,1000,OK
721,1000,OK
722,1000,OK
723,1000,OK
724,1000,OK
725,1000,OK
726,1000,OK
727,1000,OK
728,1000,OK
729,1000,OK
730,1000,OK
731,1000,OK
732,1000,OK
733,1000,OK
734,1000,OK
735,1000,OK
736,1000,OK
737,1000,OK
738,1000,OK
739,1000,OK
740,1000,OK
741,1000,OK
742,1000,OK
743,1000,OK
744,1000,OK
745,1000,OK
746,1000,OK
747,1000,OK
748,1000,OK
749,1000,OK
750,1000,OK
751,1000,OK
752,1000,OK
753,1000,OK
754,1000,OK
755,1000,OK
756,1000,OK
757,1000,OK
758,1000,OK
759,1000,OK
760,1000,OK
761,1000,OK
762,1000,OK
763,1000,OK
764,1000,OK
765,1000,OK
766,1000,OK
767,1000,OK
768,998,OK
769,998,OK
770,997,OK
771,998,OK
772,998,OK
773,998,OK
774,998,OK
775,998,OK
776,997,OK
777,998,OK
778,998,OK
779,998,OK
780,998,OK
781,997,OK
782,997,OK
783,997,OK
784,998,OK
785,997,OK
786,998,OK
787,997,OK
788,285,Failed
789,1000,OK
790,1000,OK
791,1000,OK
792,1000,OK
793,1000,OK
794,1000,OK
795,1000,OK
796,1000,OK
797,1000,OK
798,1000,OK
799,1000,OK
800,1000,OK
801,1000,OK
802,1000,OK
803,1000,OK
804,1000,OK
805,1000,OK
806,1000,OK
807,1000,OK
808,1000,OK
809,1000,OK
810,1000,OK
811,1000,OK
812,1000,OK
813,1000,OK
814,1000,OK
815,1000,OK
816,1000,OK
817,1000,OK
818,1000,OK
819,1000,OK
820,1000,OK
821,1000,OK
822,1000,OK
823,1000,OK
824,1000,OK
825,1000,OK
826,1000,OK
827,1000,OK
828,1000,OK
829,1000,OK
830,1000,OK
831,1000,OK
832,1000,OK
833,1000,OK
834,1000,OK
835,1000,OK
836,1000,OK
837,1000,OK
838,1000,OK
839,1000,OK
840,1000,OK
841,1000,OK
842,1000,OK
843,1000,OK
844,1000,OK
845,1000,OK
846,1000,OK
847,1000,OK
848,1000,OK
849,1000,OK
850,1000,OK
851,1000,OK
852,1000,OK
853,1000,OK
854,1000,OK
855,1000,OK
856,1000,OK
857,1000,OK
858,1000,OK
859,1000,OK
860,1000,OK
861,1000,OK
862,1000,OK
863,1000,OK
864,1000,OK
865,1000,OK
866,1000,OK
867,1000,OK
868,1000,OK
869,1000,OK
870,1000,OK
871,1000,OK
872,1000,OK
873,1000,OK
874,1000,OK
875,1000,OK
876,1000,OK
877,1000,OK
878,1000,OK
879,1000,OK
880,1000,OK
881,1000,OK
882,1000,OK
883,1000,OK
884,1000,OK
885,1000,OK
886,1000,OK
887,1000,OK
888,1000,OK
889,1000,OK
890,1000,OK
891,1000,OK
892,1000,OK
893,1000,OK
894,1000,OK
895,1000,OK
896,1000,OK
897,1000,OK
898,1000,OK
899,1000,OK
900,1000,OK
901,1000,OK
902,1000,OK
903,1000,OK
904,1000,OK
905,1000,OK
906,1000,OK
907,1000,OK
908,1000,OK
909,999,OK
910,1000,OK
911,1000,OK
912,1000,OK
913,1000,OK
914,1000,OK
915,1000,OK
916,1000,OK
917,1000,OK
918,1000,OK
919,1000,OK
920,1000,OK
921,1000,OK
922,1000,OK
923,1000,OK
924,1000,OK
925,1000,OK
926,1000,OK
927,1000,OK
928,1000,OK
929,497,Failed
930,1000,OK
931,1000,OK
932,1000,OK
933,1000,OK
934,1000,OK
935,1000,OK
936,1000,OK
937,1000,OK
938,1000,OK
939,1000,OK
940,1000,OK
941,1000,OK
942,1000,OK
943,1000,OK
944,1000,OK
945,1000,OK
946,1000,OK
947,1000,OK
948,1000,OK
949,1000,OK
950,1000,OK
951,1000,OK
952,1000,OK
953,1000,OK
954,1000,OK
955,1000,OK
956,1000,OK
957,1000,OK
958,1000,OK
959,1000,OK
960,1000,OK
961,1000,OK
962,1000,OK
963,1000,OK
964,1000,OK
965,1000,OK
966,1000,OK
967,1000,OK
968,1000,OK
969,1000,OK
970,1000,OK
971,1000,OK
972,1000,OK
973,1000,OK
974,1000,OK
975,1000,OK
976,1000,OK
977,1000,OK
978,1000,OK
979,1000,OK
980,1000,OK
981,1000,OK
982,1000,OK
983,1000,OK
984,1000,OK
985,1000,OK
986,1000,OK
987,1000,OK
988,1000,OK
989,1000,OK
990,1000,OK
991,1000,OK
992,1000,OK
993,1000,OK
994,1000,OK
995,1000,OK
996,1000,OK
997,1000,OK
998,1000,OK
999,1000,OK
1000,1000,OK
1001,1000,OK
1002,1000,OK
1003,1000,OK
1004,1000,OK
1005,1000,OK
1006,1000,OK
1007,1000,OK
1008,1000,OK
1009,1000,OK
1010,1000,OK
1011,1000,OK
1012,1000,OK
1013,1000,OK
1014,1000,OK
1015,1000,OK
1016,1000,OK
1017,1000,OK
1018,1000,OK
1019,1000,OK
1020,1000,OK
1021,1000,OK
1022,1000,OK
1023,1000,OK
