0,801,OK
1,801,OK
2,801,OK
3,801,OK
4,997,OK
5,800,OK
6,800,OK
7,800,OK
8,799,OK
9,800,OK
10,800,OK
11,800,OK
12,996,OK
13,999,OK
14,800,OK
15,801,OK
16,800,OK
17,801,OK
18,800,OK
19,800,OK
20,996,OK
21,800,OK
22,800,OK
23,800,OK
24,997,OK
25,800,OK
26,0,Failed
27,999,OK
28,997,OK
29,1000,OK
30,1000,OK
31,1000,OK
32,1000,OK
33,1000,OK
34,1000,OK
35,1000,OK
36,801,OK
37,1000,OK
38,999,OK
39,998,OK
40,997,OK
41,999,OK
42,998,OK
43,998,OK
44,997,OK
45,1000,OK
46,1000,OK
47,1000,OK
48,999,OK
49,1000,OK
50,1000,OK
51,999,OK
52,997,OK
53,998,OK
54,998,OK
55,998,OK
56,997,OK
57,998,OK
58,998,OK
59,997,OK
60,997,OK
61,1000,OK
62,1000,OK
63,1000,OK
64,801,OK
65,1000,OK
66,1000,OK
67,801,OK
68,998,OK
69,801,OK
70,801,OK
71,998,OK
72,997,OK
73,997,OK
74,997,OK
75,800,OK
76,997,OK
77,1000,OK
78,1000,OK
79,1000,OK
80,999,OK
81,1000,OK
82,1000,OK
83,999,OK
84,997,OK
85,999,OK
86,999,OK
87,998,OK
88,997,OK
89,998,OK
90,997,OK
91,997,OK
92,997,OK
93,1000,OK
94,1000,OK
95,1000,OK
96,801,OK
97,1000,OK
98,1000,OK
99,1000,OK
100,998,OK
101,1000,OK
102,998,OK
103,800,OK
104,997,OK
105,998,OK
106,800,OK
107,997,OK
108,996,OK
109,1000,OK
110,801,OK
111,1000,OK
112,801,OK
113,801,OK
114,998,OK
115,800,OK
116,997,OK
117,801,OK
118,998,OK
119,800,OK
120,997,OK
121,997,OK
122,800,OK
123,800,OK
124,997,OK
125,1000,OK
126,1000,OK
127,1000,OK
128,801,OK
129,1000,OK
130,1000,OK
131,801,OK
132,998,OK
133,1000,OK
134,997,OK
135,800,OK
136,997,OK
137,998,OK
138,800,OK
139,800,OK
140,997,OK
141,1000,OK
142,801,OK
143,1000,OK
144,998,OK
145,1000,OK
146,999,OK
147,998,OK
148,800,OK
149,998,OK
150,998,OK
151,997,OK
152,997,OK
153,997,OK
154,997,OK
155,997,OK
156,799,OK
157,1000,OK
158,1000,OK
159,1000,OK
160,801,OK
161,1000,OK
162,1000,OK
163,801,OK
164,998,OK
165,999,OK
166,800,OK
167,800,OK
168,800,OK
169,800,OK
170,800,OK
171,997,OK
172,997,OK
173,1000,OK
174,801,OK
175,1000,OK
176,801,OK
177,801,OK
178,801,OK
179,800,OK
180,997,OK
181,998,OK
182,800,OK
183,800,OK
184,800,OK
185,997,OK
186,800,OK
187,800,OK
188,996,OK
189,1000,OK
190,1000,OK
191,1000,OK
192,999,OK
193,1000,OK
194,1000,OK
195,999,OK
196,800,OK
197,999,OK
198,998,OK
199,998,OK
200,997,OK
201,997,OK
202,997,OK
203,997,OK
204,996,OK
205,1000,OK
206,999,OK
207,999,OK
208,998,OK
209,999,OK
210,998,OK
211,997,OK
212,997,OK
213,998,OK
214,997,OK
215,997,OK
216,997,OK
217,997,OK
218,997,OK
219,997,OK
220,996,OK
221,1000,OK
222,1000,OK
223,1000,OK
224,801,OK
225,1000,OK
226,1000,OK
227,801,OK
228,997,OK
229,801,OK
230,800,OK
231,800,OK
232,800,OK
233,998,OK
234,997,OK
235,800,OK
236,997,OK
237,999,OK
238,801,OK
239,801,OK
240,997,OK
241,998,OK
242,998,OK
243,997,OK
244,799,OK
245,998,OK
246,997,OK
247,997,OK
248,997,OK
249,997,OK
250,997,OK
251,997,OK
252,996,OK
253,1000,OK
254,1000,OK
255,449,OK
256,801,OK
257,1000,OK
258,801,OK
259,801,OK
260,997,OK
261,800,OK
262,800,OK
263,800,OK
264,799,OK
265,800,OK
266,800,OK
267,800,OK
268,996,OK
269,999,OK
270,800,OK
271,801,OK
272,800,OK
273,801,OK
274,800,OK
275,800,OK
276,996,OK
277,800,OK
278,800,OK
279,800,OK
280,997,OK
281,800,OK
282,0,Failed
283,998,OK
284,997,OK
285,1000,OK
286,1000,OK
287,1000,OK
288,1000,OK
289,1000,OK
290,1000,OK
291,1000,OK
292,801,OK
293,1000,OK
294,999,OK
295,998,OK
296,997,OK
297,999,OK
298,999,OK
299,998,OK
300,997,OK
301,1000,OK
302,1000,OK
303,1000,OK
304,999,OK
305,1000,OK
306,1000,OK
307,999,OK
308,998,OK
309,999,OK
310,998,OK
311,998,OK
312,997,OK
313,998,OK
314,998,OK
315,997,OK
316,997,OK
317,1000,OK
318,1000,OK
319,1000,OK
320,801,OK
321,1000,OK
322,1000,OK
323,801,OK
324,998,OK
325,801,OK
326,801,OK
327,998,OK
328,997,OK
329,997,OK
330,997,OK
331,800,OK
332,997,OK
333,1000,OK
334,1000,OK
335,1000,OK
336,999,OK
337,1000,OK
338,1000,OK
339,999,OK
340,997,OK
341,999,OK
342,999,OK
343,998,OK
344,997,OK
345,997,OK
346,997,OK
347,997,OK
348,997,OK
349,1000,OK
350,1000,OK
351,1000,OK
352,801,OK
353,1000,OK
354,1000,OK
355,1000,OK
356,997,OK
357,1000,OK
358,998,OK
359,800,OK
360,997,OK
361,998,OK
362,800,OK
363,997,OK
364,997,OK
365,1000,OK
366,801,OK
367,1000,OK
368,801,OK
369,801,OK
370,998,OK
371,800,OK
372,997,OK
373,801,OK
374,998,OK
375,800,OK
376,997,OK
377,997,OK
378,800,OK
379,800,OK
380,996,OK
381,1000,OK
382,1000,OK
383,1000,OK
384,801,OK
385,1000,OK
386,1000,OK
387,1000,OK
388,998,OK
389,1000,OK
390,997,OK
391,800,OK
392,997,OK
393,998,OK
394,800,OK
395,800,OK
396,997,OK
397,1000,OK
398,801,OK
399,1000,OK
400,998,OK
401,1000,OK
402,999,OK
403,998,OK
404,800,OK
405,998,OK
406,997,OK
407,997,OK
408,997,OK
409,997,OK
410,997,OK
411,997,OK
412,799,OK
413,1000,OK
414,1000,OK
415,1000,OK
416,801,OK
417,1000,OK
418,1000,OK
419,801,OK
420,998,OK
421,999,OK
422,800,OK
423,800,OK
424,800,OK
425,800,OK
426,800,OK
427,997,OK
428,997,OK
429,1000,OK
430,801,OK
431,1000,OK
432,800,OK
433,801,OK
434,801,OK
435,801,OK
436,997,OK
437,998,OK
438,800,OK
439,800,OK
440,800,OK
441,997,OK
442,800,OK
443,800,OK
444,997,OK
445,1000,OK
446,1000,OK
447,1000,OK
448,999,OK
449,1000,OK
450,1000,OK
451,998,OK
452,800,OK
453,998,OK
454,998,OK
455,998,OK
456,997,OK
457,998,OK
458,997,OK
459,997,OK
460,996,OK
461,1000,OK
462,999,OK
463,1000,OK
464,997,OK
465,999,OK
466,997,OK
467,997,OK
468,997,OK
469,998,OK
470,997,OK
471,997,OK
472,997,OK
473,997,OK
474,997,OK
475,997,OK
476,996,OK
477,1000,OK
478,1000,OK
479,1000,OK
480,801,OK
481,1000,OK
482,1000,OK
483,801,OK
484,997,OK
485,801,OK
486,800,OK
487,800,OK
488,800,OK
489,998,OK
490,997,OK
491,800,OK
492,997,OK
493,999,OK
494,800,OK
495,801,OK
496,997,OK
497,998,OK
498,998,OK
499,997,OK
500,799,OK
501,997,OK
502,997,OK
503,997,OK
504,997,OK
505,997,OK
506,997,OK
507,997,OK
508,996,OK
509,1000,OK
510,1000,OK
511,449,OK
512,801,OK
513,1000,OK
514,801,OK
515,800,OK
516,997,OK
517,800,OK
518,800,OK
519,800,OK
520,800,OK
521,800,OK
522,800,OK
523,800,OK
524,996,OK
525,998,OK
526,800,OK
527,801,OK
528,800,OK
529,801,OK
530,800,OK
531,800,OK
532,996,OK
533,800,OK
534,800,OK
535,800,OK
536,997,OK
537,800,OK
538,0,Failed
539,999,OK
540,997,OK
541,1000,OK
542,1000,OK
543,1000,OK
544,1000,OK
545,1000,OK
546,1000,OK
547,1000,OK
548,801,OK
549,1000,OK
550,999,OK
551,998,OK
552,997,OK
553,999,OK
554,999,OK
555,998,OK
556,997,OK
557,1000,OK
558,1000,OK
559,1000,OK
560,999,OK
561,1000,OK
562,1000,OK
563,999,OK
564,998,OK
565,999,OK
566,998,OK
567,998,OK
568,997,OK
569,998,OK
570,998,OK
571,997,OK
572,997,OK
573,1000,OK
574,1000,OK
575,1000,OK
576,1000,OK
577,1000,OK
578,1000,OK
579,1000,OK
580,998,OK
581,801,OK
582,801,OK
583,998,OK
584,997,OK
585,997,OK
586,997,OK
587,800,OK
588,997,OK
589,1000,OK
590,1000,OK
591,1000,OK
592,999,OK
593,1000,OK
594,1000,OK
595,999,OK
596,997,OK
597,999,OK
598,998,OK
599,998,OK
600,997,OK
601,998,OK
602,998,OK
603,997,OK
604,997,OK
605,1000,OK
606,1000,OK
607,1000,OK
608,801,OK
609,1000,OK
610,1000,OK
611,1000,OK
612,998,OK
613,1000,OK
614,998,OK
615,800,OK
616,997,OK
617,998,OK
618,800,OK
619,997,OK
620,996,OK
621,1000,OK
622,801,OK
623,1000,OK
624,801,OK
625,801,OK
626,998,OK
627,800,OK
628,997,OK
629,801,OK
630,998,OK
631,800,OK
632,997,OK
633,997,OK
634,800,OK
635,799,OK
636,997,OK
637,1000,OK
638,1000,OK
639,1000,OK
640,801,OK
641,1000,OK
642,1000,OK
643,801,OK
644,998,OK
645,1000,OK
646,997,OK
647,800,OK
648,997,OK
649,998,OK
650,800,OK
651,800,OK
652,997,OK
653,1000,OK
654,801,OK
655,1000,OK
656,998,OK
657,1000,OK
658,999,OK
659,998,OK
660,800,OK
661,998,OK
662,998,OK
663,997,OK
664,997,OK
665,997,OK
666,997,OK
667,997,OK
668,799,OK
669,1000,OK
670,1000,OK
671,1000,OK
672,801,OK
673,1000,OK
674,1000,OK
675,801,OK
676,998,OK
677,998,OK
678,800,OK
679,800,OK
680,800,OK
681,800,OK
682,800,OK
683,997,OK
684,997,OK
685,1000,OK
686,801,OK
687,1000,OK
688,800,OK
689,801,OK
690,801,OK
691,800,OK
692,997,OK
693,999,OK
694,800,OK
695,800,OK
696,800,OK
697,997,OK
698,800,OK
699,800,OK
700,997,OK
701,1000,OK
702,1000,OK
703,1000,OK
704,999,OK
705,1000,OK
706,1000,OK
707,998,OK
708,800,OK
709,998,OK
710,998,OK
711,998,OK
712,997,OK
713,998,OK
714,997,OK
715,997,OK
716,996,OK
717,1000,OK
718,999,OK
719,1000,OK
720,997,OK
721,999,OK
722,997,OK
723,998,OK
724,997,OK
725,998,OK
726,997,OK
727,997,OK
728,997,OK
729,997,OK
730,997,OK
731,997,OK
732,996,OK
733,1000,OK
734,1000,OK
735,1000,OK
736,801,OK
737,1000,OK
738,1000,OK
739,801,OK
740,997,OK
741,801,OK
742,800,OK
743,800,OK
744,800,OK
745,997,OK
746,997,OK
747,800,OK
748,997,OK
749,999,OK
750,801,OK
751,801,OK
752,997,OK
753,998,OK
754,997,OK
755,997,OK
756,799,OK
757,998,OK
758,997,OK
759,997,OK
760,997,OK
761,997,OK
762,997,OK
763,997,OK
764,996,OK
765,1000,OK
766,1000,OK
767,449,OK
768,801,OK
769,801,OK
770,801,OK
771,801,OK
772,997,OK
773,800,OK
774,800,OK
775,800,OK
776,800,OK
777,800,OK
778,800,OK
779,800,OK
780,996,OK
781,999,OK
782,800,OK
783,801,OK
784,800,OK
785,800,OK
786,800,OK
787,800,OK
788,996,OK
789,800,OK
790,800,OK
791,800,OK
792,997,OK
793,800,OK
794,0,Failed
795,998,OK
796,997,OK
797,1000,OK
798,1000,OK
799,1000,OK
800,1000,OK
801,1000,OK
802,1000,OK
803,1000,OK
804,801,OK
805,1000,OK
806,999,OK
807,998,OK
808,997,OK
809,999,OK
810,998,OK
811,998,OK
812,997,OK
813,1000,OK
814,1000,OK
815,1000,OK
816,999,OK
817,1000,OK
818,1000,OK
819,999,OK
820,997,OK
821,999,OK
822,998,OK
823,998,OK
824,997,OK
825,998,OK
826,998,OK
827,997,OK
828,997,OK
829,1000,OK
830,1000,OK
831,1000,OK
832,801,OK
833,1000,OK
834,1000,OK
835,1000,OK
836,998,OK
837,801,OK
838,801,OK
839,998,OK
840,997,OK
841,997,OK
842,997,OK
843,800,OK
844,997,OK
845,1000,OK
846,1000,OK
847,1000,OK
848,999,OK
849,1000,OK
850,1000,OK
851,999,OK
852,997,OK
853,999,OK
854,998,OK
855,998,OK
856,997,OK
857,998,OK
858,997,OK
859,997,OK
860,997,OK
861,1000,OK
862,1000,OK
863,1000,OK
864,801,OK
865,1000,OK
866,1000,OK
867,1000,OK
868,998,OK
869,999,OK
870,998,OK
871,800,OK
872,997,OK
873,998,OK
874,800,OK
875,997,OK
876,996,OK
877,1000,OK
878,801,OK
879,1000,OK
880,801,OK
881,801,OK
882,998,OK
883,800,OK
884,997,OK
885,801,OK
886,998,OK
887,800,OK
888,997,OK
889,997,OK
890,800,OK
891,800,OK
892,996,OK
893,1000,OK
894,1000,OK
895,1000,OK
896,801,OK
897,1000,OK
898,1000,OK
899,1000,OK
900,998,OK
901,1000,OK
902,997,OK
903,800,OK
904,997,OK
905,998,OK
906,800,OK
907,800,OK
908,997,OK
909,1000,OK
910,801,OK
911,1000,OK
912,998,OK
913,1000,OK
914,999,OK
915,999,OK
916,800,OK
917,998,OK
918,997,OK
919,997,OK
920,997,OK
921,997,OK
922,997,OK
923,997,OK
924,799,OK
925,1000,OK
926,1000,OK
927,1000,OK
928,801,OK
929,1000,OK
930,801,OK
931,801,OK
932,998,OK
933,999,OK
934,800,OK
935,800,OK
936,800,OK
937,800,OK
938,800,OK
939,997,OK
940,997,OK
941,1000,OK
942,801,OK
943,1000,OK
944,800,OK
945,801,OK
946,801,OK
947,801,OK
948,997,OK
949,998,OK
950,800,OK
951,800,OK
952,800,OK
953,997,OK
954,800,OK
955,800,OK
956,996,OK
957,1000,OK
958,1000,OK
959,1000,OK
960,999,OK
961,1000,OK
962,1000,OK
963,999,OK
964,800,OK
965,999,OK
966,998,OK
967,998,OK
968,997,OK
969,998,OK
970,997,OK
971,997,OK
972,996,OK
973,1000,OK
974,999,OK
975,1000,OK
976,998,OK
977,1000,OK
978,997,OK
979,998,OK
980,997,OK
981,998,OK
982,997,OK
983,997,OK
984,997,OK
985,997,OK
986,997,OK
987,997,OK
988,996,OK
989,1000,OK
990,1000,OK
991,1000,OK
992,801,OK
993,1000,OK
994,1000,OK
995,801,OK
996,997,OK
997,801,OK
998,800,OK
999,800,OK
1000,800,OK
1001,997,OK
1002,997,OK
1003,800,OK
1004,997,OK
1005,999,OK
1006,801,OK
1007,801,OK
1008,997,OK
1009,998,OK
1010,998,OK
1011,997,OK
1012,800,OK
1013,997,OK
1014,997,OK
1015,997,OK
1016,997,OK
1017,997,OK
1018,997,OK
1019,997,OK
1020,996,OK
1021,1000,OK
1022,1000,OK
1023,449,OK
