0,350,OK
1,348,OK
2,350,OK
3,348,OK
4,349,OK
5,348,OK
6,348,OK
7,347,OK
8,347,OK
9,347,OK
10,348,OK
11,347,OK
12,347,OK
13,347,OK
14,350,OK
15,348,OK
16,348,OK
17,347,OK
18,348,OK
19,347,OK
20,347,OK
21,347,OK
22,348,OK
23,347,OK
24,347,OK
25,201,Failed
26,350,OK
27,349,OK
28,350,OK
29,347,OK
30,350,OK
31,350,OK
32,350,OK
33,350,OK
34,350,OK
35,350,OK
36,350,OK
37,349,OK
38,350,OK
39,350,OK
40,350,OK
41,348,OK
42,350,OK
43,349,OK
44,350,OK
45,348,OK
46,350,OK
47,350,OK
48,350,OK
49,350,OK
50,350,OK
51,350,OK
52,350,OK
53,348,OK
54,350,OK
55,349,OK
56,350,OK
57,348,OK
58,350,OK
59,348,OK
60,349,OK
61,347,OK
62,350,OK
63,350,OK
64,350,OK
65,350,OK
66,350,OK
67,350,OK
68,350,OK
69,349,OK
70,350,OK
71,348,OK
72,350,OK
73,348,OK
74,350,OK
75,348,OK
76,348,OK
77,347,OK
78,350,OK
79,350,OK
80,350,OK
81,350,OK
82,350,OK
83,350,OK
84,350,OK
85,348,OK
86,350,OK
87,350,OK
88,350,OK
89,348,OK
90,350,OK
91,348,OK
92,348,OK
93,347,OK
94,350,OK
95,350,OK
96,350,OK
97,350,OK
98,350,OK
99,350,OK
100,350,OK
101,349,OK
102,350,OK
103,349,OK
104,349,OK
105,348,OK
106,350,OK
107,348,OK
108,349,OK
109,347,OK
110,350,OK
111,350,OK
112,350,OK
113,349,OK
114,350,OK
115,350,OK
116,348,OK
117,347,OK
118,350,OK
119,348,OK
120,348,OK
121,348,OK
122,348,OK
123,347,OK
124,347,OK
125,347,OK
126,350,OK
127,350,OK
128,350,OK
129,350,OK
130,350,OK
131,350,OK
132,350,OK
133,350,OK
134,350,OK
135,348,OK
136,348,OK
137,348,OK
138,350,OK
139,348,OK
140,348,OK
141,347,OK
142,350,OK
143,350,OK
144,350,OK
145,348,OK
146,350,OK
147,350,OK
148,350,OK
149,347,OK
150,350,OK
151,348,OK
152,348,OK
153,348,OK
154,350,OK
155,348,OK
156,349,OK
157,347,OK
158,350,OK
159,350,OK
160,350,OK
161,350,OK
162,350,OK
163,350,OK
164,350,OK
165,349,OK
166,350,OK
167,348,OK
168,348,OK
169,347,OK
170,349,OK
171,347,OK
172,348,OK
173,347,OK
174,350,OK
175,350,OK
176,350,OK
177,348,OK
178,350,OK
179,349,OK
180,348,OK
181,347,OK
182,350,OK
183,348,OK
184,348,OK
185,347,OK
186,349,OK
187,347,OK
188,347,OK
189,347,OK
190,350,OK
191,350,OK
192,350,OK
193,350,OK
194,350,OK
195,350,OK
196,350,OK
197,347,OK
198,350,OK
199,349,OK
200,350,OK
201,348,OK
202,350,OK
203,348,OK
204,348,OK
205,347,OK
206,350,OK
207,350,OK
208,350,OK
209,348,OK
210,350,OK
211,348,OK
212,348,OK
213,347,OK
214,350,OK
215,348,OK
216,348,OK
217,347,OK
218,350,OK
219,347,OK
220,348,OK
221,347,OK
222,350,OK
223,350,OK
224,350,OK
225,349,OK
226,350,OK
227,350,OK
228,350,OK
229,348,OK
230,349,OK
231,348,OK
232,348,OK
233,347,OK
234,350,OK
235,348,OK
236,348,OK
237,347,OK
238,350,OK
239,348,OK
240,349,OK
241,348,OK
242,350,OK
243,349,OK
244,348,OK
245,347,OK
246,350,OK
247,347,OK
248,348,OK
249,347,OK
250,349,OK
251,347,OK
252,347,OK
253,347,OK
254,350,OK
255,350,OK
256,348,OK
257,350,OK
258,348,OK
259,349,OK
260,347,OK
261,348,OK
262,347,OK
263,347,OK
264,347,OK
265,348,OK
266,347,OK
267,347,OK
268,347,OK
269,350,OK
270,348,OK
271,348,OK
272,347,OK
273,348,OK
274,347,OK
275,347,OK
276,347,OK
277,348,OK
278,347,OK
279,347,OK
280,347,OK
281,201,Failed
282,349,OK
283,350,OK
284,348,OK
285,350,OK
286,350,OK
287,350,OK
288,350,OK
289,350,OK
290,350,OK
291,350,OK
292,349,OK
293,350,OK
294,350,OK
295,350,OK
296,348,OK
297,350,OK
298,350,OK
299,350,OK
300,348,OK
301,350,OK
302,350,OK
303,350,OK
304,350,OK
305,350,OK
306,350,OK
307,350,OK
308,348,OK
309,350,OK
310,349,OK
311,350,OK
312,348,OK
313,350,OK
314,348,OK
315,349,OK
316,348,OK
317,350,OK
318,350,OK
319,350,OK
320,350,OK
321,350,OK
322,350,OK
323,350,OK
324,350,OK
325,350,OK
326,349,OK
327,350,OK
328,348,OK
329,350,OK
330,348,OK
331,348,OK
332,347,OK
333,350,OK
334,350,OK
335,350,OK
336,350,OK
337,350,OK
338,350,OK
339,350,OK
340,348,OK
341,350,OK
342,350,OK
343,350,OK
344,348,OK
345,350,OK
346,349,OK
347,349,OK
348,347,OK
349,350,OK
350,350,OK
351,350,OK
352,350,OK
353,350,OK
354,350,OK
355,350,OK
356,348,OK
357,350,OK
358,349,OK
359,348,OK
360,348,OK
361,350,OK
362,348,OK
363,348,OK
364,347,OK
365,350,OK
366,350,OK
367,350,OK
368,348,OK
369,350,OK
370,350,OK
371,348,OK
372,347,OK
373,350,OK
374,348,OK
375,348,OK
376,348,OK
377,348,OK
378,347,OK
379,347,OK
380,347,OK
381,350,OK
382,350,OK
383,350,OK
384,350,OK
385,350,OK
386,350,OK
387,350,OK
388,350,OK
389,350,OK
390,348,OK
391,348,OK
392,348,OK
393,350,OK
394,348,OK
395,348,OK
396,347,OK
397,350,OK
398,350,OK
399,350,OK
400,348,OK
401,350,OK
402,350,OK
403,350,OK
404,347,OK
405,350,OK
406,348,OK
407,348,OK
408,348,OK
409,350,OK
410,348,OK
411,348,OK
412,347,OK
413,350,OK
414,350,OK
415,350,OK
416,350,OK
417,350,OK
418,350,OK
419,350,OK
420,349,OK
421,350,OK
422,348,OK
423,348,OK
424,347,OK
425,349,OK
426,347,OK
427,349,OK
428,347,OK
429,350,OK
430,350,OK
431,350,OK
432,348,OK
433,350,OK
434,349,OK
435,349,OK
436,347,OK
437,350,OK
438,348,OK
439,348,OK
440,347,OK
441,349,OK
442,347,OK
443,347,OK
444,347,OK
445,350,OK
446,350,OK
447,350,OK
448,350,OK
449,350,OK
450,350,OK
451,350,OK
452,348,OK
453,350,OK
454,348,OK
455,350,OK
456,348,OK
457,350,OK
458,348,OK
459,348,OK
460,347,OK
461,350,OK
462,350,OK
463,350,OK
464,348,OK
465,350,OK
466,348,OK
467,350,OK
468,347,OK
469,350,OK
470,348,OK
471,348,OK
472,347,OK
473,350,OK
474,347,OK
475,348,OK
476,347,OK
477,350,OK
478,350,OK
479,350,OK
480,349,OK
481,350,OK
482,350,OK
483,350,OK
484,348,OK
485,350,OK
486,348,OK
487,348,OK
488,347,OK
489,350,OK
490,348,OK
491,348,OK
492,347,OK
493,350,OK
494,348,OK
495,349,OK
496,348,OK
497,350,OK
498,349,OK
499,348,OK
500,347,OK
501,350,OK
502,348,OK
503,348,OK
504,347,OK
505,349,OK
506,347,OK
507,347,OK
508,347,OK
509,350,OK
510,350,OK
511,350,OK
512,348,OK
513,350,OK
514,348,OK
515,348,OK
516,348,OK
517,348,OK
518,347,OK
519,347,OK
520,347,OK
521,348,OK
522,347,OK
523,347,OK
524,347,OK
525,350,OK
526,348,OK
527,348,OK
528,347,OK
529,348,OK
530,347,OK
531,347,OK
532,347,OK
533,348,OK
534,347,OK
535,347,OK
536,347,OK
537,201,Failed
538,349,OK
539,350,OK
540,347,OK
541,350,OK
542,350,OK
543,350,OK
544,350,OK
545,350,OK
546,350,OK
547,350,OK
548,349,OK
549,350,OK
550,350,OK
551,350,OK
552,348,OK
553,350,OK
554,350,OK
555,349,OK
556,348,OK
557,350,OK
558,350,OK
559,350,OK
560,350,OK
561,350,OK
562,350,OK
563,350,OK
564,349,OK
565,350,OK
566,349,OK
567,350,OK
568,348,OK
569,350,OK
570,348,OK
571,349,OK
572,347,OK
573,350,OK
574,350,OK
575,350,OK
576,350,OK
577,350,OK
578,350,OK
579,350,OK
580,350,OK
581,350,OK
582,348,OK
583,350,OK
584,348,OK
585,349,OK
586,348,OK
587,348,OK
588,347,OK
589,350,OK
590,350,OK
591,350,OK
592,350,OK
593,350,OK
594,350,OK
595,350,OK
596,348,OK
597,350,OK
598,350,OK
599,349,OK
600,348,OK
601,350,OK
602,348,OK
603,349,OK
604,347,OK
605,350,OK
606,350,OK
607,350,OK
608,350,OK
609,350,OK
610,350,OK
611,350,OK
612,348,OK
613,350,OK
614,349,OK
615,349,OK
616,348,OK
617,350,OK
618,348,OK
619,349,OK
620,347,OK
621,350,OK
622,350,OK
623,350,OK
624,348,OK
625,350,OK
626,350,OK
627,348,OK
628,347,OK
629,350,OK
630,348,OK
631,348,OK
632,347,OK
633,349,OK
634,347,OK
635,347,OK
636,347,OK
637,350,OK
638,350,OK
639,350,OK
640,350,OK
641,350,OK
642,350,OK
643,350,OK
644,348,OK
645,350,OK
646,348,OK
647,348,OK
648,348,OK
649,350,OK
650,348,OK
651,348,OK
652,347,OK
653,350,OK
654,350,OK
655,350,OK
656,348,OK
657,350,OK
658,350,OK
659,350,OK
660,347,OK
661,350,OK
662,348,OK
663,348,OK
664,347,OK
665,350,OK
666,348,OK
667,349,OK
668,347,OK
669,350,OK
670,350,OK
671,350,OK
672,350,OK
673,350,OK
674,350,OK
675,350,OK
676,348,OK
677,350,OK
678,348,OK
679,348,OK
680,347,OK
681,349,OK
682,347,OK
683,349,OK
684,347,OK
685,350,OK
686,350,OK
687,350,OK
688,348,OK
689,350,OK
690,349,OK
691,348,OK
692,347,OK
693,350,OK
694,348,OK
695,348,OK
696,347,OK
697,349,OK
698,347,OK
699,347,OK
700,347,OK
701,350,OK
702,350,OK
703,350,OK
704,350,OK
705,350,OK
706,350,OK
707,350,OK
708,347,OK
709,350,OK
710,348,OK
711,350,OK
712,347,OK
713,350,OK
714,348,OK
715,348,OK
716,347,OK
717,350,OK
718,350,OK
719,350,OK
720,348,OK
721,350,OK
722,348,OK
723,349,OK
724,347,OK
725,350,OK
726,348,OK
727,348,OK
728,347,OK
729,350,OK
730,347,OK
731,348,OK
732,347,OK
733,350,OK
734,350,OK
735,350,OK
736,349,OK
737,350,OK
738,350,OK
739,350,OK
740,348,OK
741,349,OK
742,348,OK
743,348,OK
744,347,OK
745,350,OK
746,348,OK
747,348,OK
748,347,OK
749,350,OK
750,349,OK
751,349,OK
752,348,OK
753,350,OK
754,348,OK
755,348,OK
756,347,OK
757,350,OK
758,348,OK
759,348,OK
760,347,OK
761,349,OK
762,347,OK
763,347,OK
764,347,OK
765,350,OK
766,350,OK
767,350,OK
768,349,OK
769,350,OK
770,348,OK
771,348,OK
772,348,OK
773,348,OK
774,347,OK
775,347,OK
776,347,OK
777,348,OK
778,347,OK
779,347,OK
780,347,OK
781,350,OK
782,348,OK
783,348,OK
784,347,OK
785,348,OK
786,347,OK
787,347,OK
788,347,OK
789,348,OK
790,347,OK
791,347,OK
792,347,OK
793,201,Failed
794,349,OK
795,350,OK
796,347,OK
797,350,OK
798,350,OK
799,350,OK
800,350,OK
801,350,OK
802,350,OK
803,350,OK
804,349,OK
805,350,OK
806,350,OK
807,350,OK
808,348,OK
809,350,OK
810,350,OK
811,349,OK
812,347,OK
813,350,OK
814,350,OK
815,350,OK
816,350,OK
817,350,OK
818,350,OK
819,350,OK
820,348,OK
821,350,OK
822,349,OK
823,350,OK
824,348,OK
825,350,OK
826,348,OK
827,348,OK
828,347,OK
829,350,OK
830,350,OK
831,350,OK
832,350,OK
833,350,OK
834,350,OK
835,350,OK
836,349,OK
837,350,OK
838,348,OK
839,350,OK
840,348,OK
841,350,OK
842,348,OK
843,348,OK
844,347,OK
845,350,OK
846,350,OK
847,350,OK
848,350,OK
849,350,OK
850,350,OK
851,350,OK
852,348,OK
853,350,OK
854,350,OK
855,350,OK
856,348,OK
857,350,OK
858,348,OK
859,348,OK
860,347,OK
861,350,OK
862,350,OK
863,350,OK
864,350,OK
865,350,OK
866,350,OK
867,350,OK
868,349,OK
869,350,OK
870,348,OK
871,349,OK
872,348,OK
873,350,OK
874,348,OK
875,348,OK
876,347,OK
877,350,OK
878,350,OK
879,350,OK
880,348,OK
881,350,OK
882,350,OK
883,348,OK
884,347,OK
885,350,OK
886,348,OK
887,348,OK
888,348,OK
889,349,OK
890,347,OK
891,347,OK
892,347,OK
893,350,OK
894,350,OK
895,350,OK
896,350,OK
897,350,OK
898,350,OK
899,350,OK
900,349,OK
901,350,OK
902,348,OK
903,348,OK
904,348,OK
905,350,OK
906,348,OK
907,348,OK
908,347,OK
909,350,OK
910,349,OK
911,350,OK
912,348,OK
913,350,OK
914,350,OK
915,350,OK
916,347,OK
917,350,OK
918,348,OK
919,348,OK
920,348,OK
921,350,OK
922,348,OK
923,348,OK
924,347,OK
925,350,OK
926,350,OK
927,350,OK
928,350,OK
929,350,OK
930,350,OK
931,350,OK
932,349,OK
933,350,OK
934,348,OK
935,348,OK
936,347,OK
937,349,OK
938,347,OK
939,349,OK
940,347,OK
941,350,OK
942,350,OK
943,350,OK
944,348,OK
945,350,OK
946,349,OK
947,349,OK
948,348,OK
949,350,OK
950,348,OK
951,349,OK
952,347,OK
953,349,OK
954,347,OK
955,347,OK
956,347,OK
957,350,OK
958,350,OK
959,350,OK
960,350,OK
961,350,OK
962,350,OK
963,350,OK
964,348,OK
965,350,OK
966,348,OK
967,350,OK
968,348,OK
969,350,OK
970,348,OK
971,348,OK
972,347,OK
973,350,OK
974,350,OK
975,350,OK
976,348,OK
977,350,OK
978,348,OK
979,349,OK
980,347,OK
981,350,OK
982,348,OK
983,348,OK
984,347,OK
985,350,OK
986,347,OK
987,348,OK
988,347,OK
989,350,OK
990,350,OK
991,350,OK
992,349,OK
993,350,OK
994,350,OK
995,350,OK
996,348,OK
997,350,OK
998,347,OK
999,348,OK
1000,347,OK
1001,350,OK
1002,348,OK
1003,347,OK
1004,347,OK
1005,350,OK
1006,348,OK
1007,349,OK
1008,348,OK
1009,350,OK
1010,348,OK
1011,348,OK
1012,347,OK
1013,350,OK
1014,348,OK
1015,348,OK
1016,347,OK
1017,349,OK
1018,347,OK
1019,347,OK
1020,347,OK
1021,350,OK
1022,350,OK
1023,350,OK
